{"mean":{"confidence_interval":{"confidence_level":0.95,"lower_bound":-0.005009513342712879,"upper_bound":-0.0005702145577604825},"point_estimate":-0.00262224365208763,"standard_error":0.0011302966976633954},"median":{"confidence_interval":{"confidence_level":0.95,"lower_bound":-0.0033462507077826106,"upper_bound":-0.0008545156128798581},"point_estimate":-0.001856463214737758,"standard_error":0.0006264223276763355}}