{"mean":{"confidence_interval":{"confidence_level":0.95,"lower_bound":22.367538180722608,"upper_bound":22.419680513479545},"point_estimate":22.38960750345955,"standard_error":0.013471242685453738},"median":{"confidence_interval":{"confidence_level":0.95,"lower_bound":22.359238147653116,"upper_bound":22.367696419407654},"point_estimate":22.36296738529625,"standard_error":0.0019886276774655205},"median_abs_dev":{"confidence_interval":{"confidence_level":0.95,"lower_bound":0.013622895327764964,"upper_bound":0.023392245147683694},"point_estimate":0.017683135537027314,"standard_error":0.0024663339105456938},"slope":{"confidence_interval":{"confidence_level":0.95,"lower_bound":22.36269409066189,"upper_bound":22.373516313888466},"point_estimate":22.36753730000473,"standard_error":0.0027806913432289193},"std_dev":{"confidence_interval":{"confidence_level":0.95,"lower_bound":0.02781803979851762,"upper_bound":0.21331654459838484},"point_estimate":0.13578718600030598,"standard_error":0.04684452321196319}}