{"mean":{"confidence_interval":{"confidence_level":0.95,"lower_bound":-0.0028183845895937776,"upper_bound":0.0012731179643679143},"point_estimate":-0.0007223856933566974,"standard_error":0.001037226087224674},"median":{"confidence_interval":{"confidence_level":0.95,"lower_bound":-0.0005193143857732396,"upper_bound":0.00022720654358443504},"point_estimate":-0.0002589953975015158,"standard_error":0.0001979389241700281}}