{"mean":{"confidence_interval":{"confidence_level":0.95,"lower_bound":-0.024626233383735006,"upper_bound":-0.015956665645287273},"point_estimate":-0.020258555679450452,"standard_error":0.002221499960989374},"median":{"confidence_interval":{"confidence_level":0.95,"lower_bound":-0.02744479925113852,"upper_bound":-0.014017784678990286},"point_estimate":-0.024117554319673773,"standard_error":0.0032561879792044456}}