{"mean":{"confidence_interval":{"confidence_level":0.95,"lower_bound":15.886226880776743,"upper_bound":15.921736211362285},"point_estimate":15.901702914637156,"standard_error":0.009152467719626058},"median":{"confidence_interval":{"confidence_level":0.95,"lower_bound":15.877918340495816,"upper_bound":15.883689271336419},"point_estimate":15.88045491827312,"standard_error":0.0015946442471470527},"median_abs_dev":{"confidence_interval":{"confidence_level":0.95,"lower_bound":0.009742689957782723,"upper_bound":0.019400083477503535},"point_estimate":0.015104208856818629,"standard_error":0.0023845502623840694},"slope":{"confidence_interval":{"confidence_level":0.95,"lower_bound":15.880647922445876,"upper_bound":15.893811557099161},"point_estimate":15.886348265532053,"standard_error":0.0033937774614274654},"std_dev":{"confidence_interval":{"confidence_level":0.95,"lower_bound":0.03245483851031086,"upper_bound":0.1356131717087322},"point_estimate":0.09170091134218618,"standard_error":0.02647313712374124}}