{"mean":{"confidence_interval":{"confidence_level":0.95,"lower_bound":-0.012002114929364887,"upper_bound":-0.008246178320929257},"point_estimate":-0.010137721888212825,"standard_error":0.0009554650519119104},"median":{"confidence_interval":{"confidence_level":0.95,"lower_bound":-0.00990466946898172,"upper_bound":-0.009395006546155438},"point_estimate":-0.009594534488265527,"standard_error":0.00012802262160660193}}