{"mean":{"confidence_interval":{"confidence_level":0.95,"lower_bound":-0.05190359587606394,"upper_bound":-0.044422461141389646},"point_estimate":-0.04825031184484696,"standard_error":0.0019120952375190768},"median":{"confidence_interval":{"confidence_level":0.95,"lower_bound":-0.05246619246519568,"upper_bound":-0.04331234792661831},"point_estimate":-0.04677137005042031,"standard_error":0.002505053176445341}}