{"mean":{"confidence_interval":{"confidence_level":0.95,"lower_bound":9.71048896447795,"upper_bound":9.736550012484367},"point_estimate":9.72197175768511,"standard_error":0.006735718852022886},"median":{"confidence_interval":{"confidence_level":0.95,"lower_bound":9.704491074076074,"upper_bound":9.708687298157502},"point_estimate":9.70648485447725,"standard_error":0.0009480642664433414},"median_abs_dev":{"confidence_interval":{"confidence_level":0.95,"lower_bound":0.0068980396104262095,"upper_bound":0.010820533218452645},"point_estimate":0.008939781729125759,"standard_error":0.0010438472162226657},"slope":{"confidence_interval":{"confidence_level":0.95,"lower_bound":9.706576738292659,"upper_bound":9.72832830507033},"point_estimate":9.714379092833886,"standard_error":0.005981966260354541},"std_dev":{"confidence_interval":{"confidence_level":0.95,"lower_bound":0.022137635098991557,"upper_bound":0.09792177449294878},"point_estimate":0.06776836463737672,"standard_error":0.018559047991887016}}