{"mean":{"confidence_interval":{"confidence_level":0.95,"lower_bound":-0.1577397553063257,"upper_bound":-0.15361953289407057},"point_estimate":-0.15572182614777752,"standard_error":0.0010355505683814408},"median":{"confidence_interval":{"confidence_level":0.95,"lower_bound":-0.15610673584140755,"upper_bound":-0.1554479192750846},"point_estimate":-0.1558023223248337,"standard_error":0.00016554609967246777}}